R10	R20	R30	R40	R50	R60	R70	R80	R90	G10	G20	G30	G40	G50	G60	G70	G80	G90	B10	B20	B30	B40	B50	B60	B70	B80	B90
X10x10	173	182	190	197	205	213	221	233	249	150	160	168	176	184	194	202	214	231	186	193	199	205	211	217	224	233	244
X10x11	170	179	187	199	222	243	249	253	255	140	152	163	179	203	222	229	232	234	183	191	197	207	223	235	241	243	245
X10x12	178	189	197	205	213	222	234	250	253	154	165	173	181	189	198	211	226	229	190	199	204	210	216	223	231	240	242
X10x13	180	192	202	212	221	230	238	246	253	155	169	180	189	198	206	214	221	226	190	199	206	214	220	226	232	237	241
X10x14	162	173	182	190	199	210	224	240	250	126	138	150	163	174	185	198	213	223	175	183	191	198	205	213	222	232	238
X10x15	40	63	93	129	157	168	174	181	191	52	71	93	112	122	131	140	149	160	112	131	151	168	175	181	186	193	200
X10x16	41	54	65	79	95	113	133	153	170	51	62	71	82	94	108	123	138	151	116	126	135	144	154	164	175	185	194
X10x17	45	59	72	85	98	112	126	141	159	54	65	74	84	94	104	115	126	140	120	131	140	148	157	165	173	181	191
X10x18	41	52	62	73	85	99	114	132	157	51	60	68	76	85	95	106	119	138	114	124	132	140	148	156	165	175	187
X10x19	23	31	41	52	67	88	114	140	163	34	42	50	60	73	88	108	126	142	88	100	109	120	132	147	164	179	191
X10x20	37	52	67	85	105	126	148	164	176	49	61	72	84	97	110	123	133	143	110	122	132	143	155	166	175	183	191
X10x21	67	101	126	146	161	169	177	184	194	70	91	104	114	122	130	137	145	155	131	150	161	169	175	180	185	191	199
X10x22	72	111	141	159	167	173	177	182	194	72	96	111	118	124	129	135	142	152	132	155	167	173	177	181	185	190	199
X10x23	58	85	111	132	147	157	164	170	177	64	85	101	113	122	130	136	143	150	123	143	158	168	175	180	185	190	196
X10x24	43	56	70	85	104	124	145	166	198	51	62	73	84	97	112	127	143	167	115	127	137	148	160	172	183	195	212
X10x25	39	50	62	75	91	108	127	146	172	48	58	66	76	87	100	114	128	148	114	123	132	141	150	161	171	182	197
X10x26	41	56	72	90	109	127	144	164	192	47	59	70	82	95	107	120	136	159	113	125	136	147	157	167	177	188	206
X10x27	45	65	82	98	113	127	143	164	204	44	55	66	76	88	100	114	132	166	106	120	130	140	150	160	172	187	212
X10x28	40	51	63	76	92	110	131	151	172	47	56	65	74	85	98	114	130	146	110	120	130	139	149	161	173	184	197
X10x29	61	99	128	145	153	158	164	169	176	67	96	117	127	132	136	140	144	150	126	151	167	175	179	183	187	190	195
X10x30	40	55	72	91	112	132	147	159	170	49	62	74	89	105	119	129	137	145	111	125	138	150	162	172	180	186	193
X10x31	50	76	101	124	142	156	165	173	184	61	81	101	117	129	137	143	149	158	120	139	155	169	178	184	189	194	202
X10x32	38	57	78	102	127	148	162	172	182	51	66	82	99	116	129	138	146	154	110	125	139	155	168	178	184	190	198
X10x33	52	76	98	120	138	153	164	173	184	59	76	92	107	118	127	134	143	153	121	137	151	162	170	177	183	189	197
X11x10	183	191	196	201	205	211	217	227	241	159	169	176	181	186	192	199	209	224	194	200	205	209	213	217	222	229	239
X11x12	169	176	182	187	193	198	205	219	248	133	141	149	156	163	171	179.5	195	223	179	186	191	195	200	204	211	221	238
X11x13	176	185	192	199	205	213	225	237	242	144	157	166	173	180	188	201	212	217	187	194	200	205	209	215	225	232	236
X11x14	173	179	184	188	194	202	210	224	239	136	145	152	157	165	174	183	197	211	183	189	193	197	201	206	212	222	233
X11x15	40	60	84	110	136	157	166	175	183	52	68	87	103	113	122	132	144	157	113	129	146	161	170	177	183	191	200
X11x16	46	66	87	112	133	147	159	168	178	59	76	94	112	128	138	146	152	159	122	136	150	165	176	183	188	193	199
X11x17	43	54	63	73	84	96	110	124	140	55	63	71	78	86	95	105	115	129	118	127	134	140	148	155	162	170	180
X11x18	38	56	74	95	119	141	159	172	187	52	66	81	96	114	131	143	153	166	111	127	140	153	167	179	188	197	207
X11x19	48	66	86	107	127	145	158	167	177	59	74	89	105	120	132	141	148	155	122	136	149	162	173	181	186	192	199
X11x20	32	47	61	77	97	118	138	156	171	45	58	70	83	97	112	126	138	148	105	119	131	143	155	167	177	186	194
X11x21	24	30	37	44	52	64	81	109	146	34	40	46	53	60	70	83	103	130	92	101	108	115	123	132	144	161	182
X11x22	24	34	46	62	86	115	147	165	176	35	44	54	68	85	103	114	125	139	92	104	115	128	145	161	171	180	190
X11x23	103	138	156	164	169	174	178	183	191	89	107	115	120	125	130	136	143	153	147	164	170	175	178	182	186	191	199
X11x24	48	69	93	117	137	149	160	171	184	56	74	93	111	125	133	141	148	157	117	134	151	166	175	182	187	193	201
X11x25	41	54	66	80	98	119	140	160	187	50	61	70	81	94	110	125	141	161	115	126	135	145	156	168	179	191	208
X11x26	38	50	61	74	90	108	127	147	173	46	56	64	74	85	98	113	129	149	111	122	130	139	150	161	173	185	201
X11x27	47	64	76	86	97	108	123	146	180	44	54	63	71	80	90	104	123	151	106	118	127	135	143	151	163	180	203
X11x28	42	62	79	93	105.5	118	132	153	196	42	53	62	70	79	89	102	121	156	106	119	128	136	144	153	164	179	208
X11x29	36	46	55	66	78	92	107	124	145	42	50	58	65	74	84	95	107	123	105	115	123	131	140	150	160	171	186
X11x30	40	55	69	84	102	120	138	157	178	45	56	66	77	89	102	116	131	148	108	120	131	142	153	164	175	186	201
X11x31	45	59	73	89	107	123	139	153	169	52	63	74	85	99	111	123	133	144	116	127	137	148	159	169	177	184	193
X11x32	53	82	110	136	153	168	183	204	227	62	84	104	121	132	144	156	171	188	120	141	159	171	181	189	198	209	222
X11x33	62	93	127	155	171	183	196	214	238	69	91	116	132	143	153	164	179	197	129	148	167	180	188	195	204	215	227
X11x9	175	203	224	240	249	251	251	251	253	163	190	212	228	239	245	246	247	248	192	210	227	240	246	247	248	248	250
X12x10	184	192	199	205	212	219	227	234	241	152	169	179	187	194	201	209	216	224	191	199	205	211	216	221	226	231	237
X12x11	151	165	178	193	203	212	220	229	237	111	128	148	166	182	193	202	211	219	166	177	189	199	208	215	221	228	234
X12x12	163	177	188	196	205	214	222	230	239	118	138	156	168	180	190	198	206	215	172	185	194	201	208	215	221	226	232
X12x13	165	174	182	188	193	198	205	215	229	122	135	145	154	162	169	177	189	201	173	181	188	193	197	202	207	215	225
X12x14	171	179	184	189	195	202	211	222	237	131	142	151	159	167	175	184	195	208	180	186	191	195	200	205	212	220	230
X12x15	94	136	157	167	172	177	183	190	201.5	92	111	121	128	136	144	153	162	174	149	166	174	179	184	189	194	200	209
X12x16	47	68	89	113	138	154	164	173	185	63	81	98	116	133	144	152	159	169	123	138	153	167	179	187	192	199	207
X12x17	43	54	64	75	88	102	119	136	155	52	61	69	78	87	98	109	122	140	117	126	134	142	151	161	171	181	192
X12x18	40	53	66	80	95	110	125	139	156	48	58	69	79	90	101	112	123	137	111	124	134	144	154	164	173	182	192
X12x19	41	54	67	82	97	114	130	146	164	50	61	72	83	95	107	119	131	144	113	125	135	145	156	165	174	183	192
X12x20	42	62	84	107	128	145	158	167	174	53	70	87	105	120	132	140	146	152	115	131	146	161	172	180	185	190	197
X12x21	37	51	64	79	97	117	138	156	170	48	60	71	83	96	112	127	139	150	110	122	133	144	155	167	178	187	196
X12x22	26	38	49	64	82	103	124	147	169	39	50	61	72	86	102	119	135	149	97	109	120	132	145	159	173	186	198
X12x23	47	86	125	152	164	172	178	186	198	57	84	104	114	121	130	138	148	161	116	142	161	170	175	180	186	194	203
X12x24	71	114	142	156	163	168	174	182	191	72	97	108	116	124	131	138	146	158	131	155	164	170	175	180	185	191	200
X12x25	52	87	118	139	151	161	168	175	185	63	89	110	123	132	138	144	149	157	122	145	162	172	178	183	187	192	199
X12x26	45	58	73	89	107	125	140	153	170	54	66	78	90	104	118	130	140	152	117	129	140	151	162	173	181	189	199
X12x27	39	54	70	85	99	113	129	151	191	43	55	66	75	85	97	112	130	163	105	119	129	138	147	158	171	186	210
X12x28	56	76	89	100	110	122	135	152	183	45	55	63	71	79	89	101	118	148	108	120	128	135	143	151	161	175	201
X12x29	40	53	66	82	98	115	132	152	180	45	55	64	74	85	97	110	126	147	108	119	129	139	149	160	171	183	200
X12x30	46.5	61	75	91	108	126	144	165	192	51	62	73	85	97	109	123	138	158	116	128	138	149	159	169	180	191	206
X12x31	44	57	71	86	103	120	135	151	170	52	61	72	83	95	108	119	130	145	115	126	136	146	156	166	175	184	195
X12x32	75	113	139	151	159	165	173	181	200	78	101	117	126	132	137	143	150	165	135	156	168	175	179	184	188	194	206
X12x33	41	61	83	109	133	151	165	178	196	50	66	82	98	112	125	135	146	162	109	126	141	154	165	174	182	191	203
X12x34	55	90	118	137	151	168	192	216	248	53	75	91	104	119	136	157	176	199	113	134	147	157	168	181	196	213	229
X12x9	147	159	170	179	186	193	204	227	252	116	131	143	153	162	171	182	209	240	166	176	184	191	197	202	211	229	245
X13x10	162	173	183	196	204	216	235	249	254	120	134	152	169	183	196	215	230	234	174	183	192	202	209	218	232	241	245
X13x11	178	188	195	202	207	213	222	232	243	150	164	173	181	187	193	201	211	223	188	196	202	207	211	216	222	229	237
X13x12	164	175	182	187	193	201	209	222	239	124	135	144	153	162	171	182	197	213	175	183	188	194	199	204	211	221	233
X13x13	168	179	188	197	206	215	226	236	246	132	147	157	167	178	187	198	208	217	177	188	194	201	208	214	221	229	235
X13x14	172	182	192	204	219	232	243	249	251	130	148	162	178	192	205	214	221	223	179	188	196	206	216	226	232	237	239
X13x15	153	163	168	174	180	189	200	213	245	108	115	122	131	141	155	168	182	211	165	171	176	181	187	194	202	212	234
X13x16	53	90	130	158	172	181	190	200	211	67	96	124	140	150	159	168	177	187	124	150	174	186	193	199	205	211	219
X13x17	36	51	68	86	107	128	146	162	177	49	63	77	91	107	123	137	150	160	108	122	136	149	163	177	187	195	204
X13x18	33	47	61	77	95	116	136	154	170	47	58	70	82	96	111	125	138	149	107	120	131	142	155	167	178	187	196
X13x19	32	46	61	77	95	114	133	152	169	45	56	69	82	96	110	124	137	148	104	117	129	141	154	166	177	186	196
X13x20	32	47	64	83	105	127	147	162	175	46	59	72	88	104	120	132	142	151	103	118	132	146	160	173	181	188	196
X13x21	34	46	56	68	80	95	113	133	156	45	55	63	72	82	93	105	120	137	105	117	126	135	144	155	166	177	189
X13x22	33	45	56	68	83	100	120	141	160	45	54	63	72	83	95	110	124	138	105	116	126	135	145	157	169	180	190
X13x23	32	47	67	91	122	152	175	188	207	44	57	71	87	106	122	135	147	166	104	118	132	148	164	177	186	194	206
X13x24	148	166	173	177	181	185	190	197	208	108	119	125	130	135	140	146	155	167	165	173	177	181	185	188	192	198	206
X13x25	89	127	152	164	171	177	184	192	203	82	104	114	122	130	138	145	154	164	139	161	169	175	180	185	191	196	204
X13x26	49	79	107	130	145	154	162	169	177	59	81	102	116	126	132	138	143	150	115	137	155	167	175	180	185	190	196
X13x27	39	53	66	82	100	118	136	156	183	47	58	68	79	91	105	119	135	156	109	122	132	142	153	165	176	189	206
X13x28	52	75	95	112	125	138	153	172	201	49	63	75	86	97	108	121	137	163	112	127	139	149	158	167	178	191	212
X13x29	49	71	95	116	133	149	164	182	210	46	59	71	84	96	109	123	139	164	109	124	136	148	159	169	179	193	212
X13x30	43	55	66	77	91	105	122	142	167	48	57	65	73	83	93	105	120	138	111	122	131	139	148	157	168	180	195
X13x31	84	118	136	146	154	161	169	180	193	83	107	119	125	131	136	142	149	159	139	160	169	175	180	184	188	194	202
X13x32	70	107	138	156	168	179	189	199	213	73	97	114	126	137	146	154	163	173	131	153	166	175	183	190	195	202	210
X13x33	50	75	100	125	146	160	172	183	198	55	73	89	104	116	126	136	147	161	116	133	148	159	169	176	184	192	202
X13x34	55	90	120	147	168	185	219	250	253	53	77	96	116	133	149	178	200	203	108	133	151	168	181	192	214	230	232
X13x9	159	174	185	194	203	214	227	242	252	138	154	167	176	185	199	213	229	246	176	188	196	203	209	218	229	241	248
X14x10	177	189	197	206	221	237	246	249	251	155	173	184	193	208	223	231	235	236	193	201	208	215	225	235	242	245	246
X14x11	106	148	166	176	182	188	199	213	226	110	129	144	154	163	172	183	197	210	161	176	186	193	198	204	211	220	229
X14x12	170	179	186	192	198	204	210	219	232	134	144	155	165	174	181	189	198	209	181	189	195	200	205	209	214	221	230
X14x13	154	171	178	185	191	198	205	215	229	111	128	141	152	162	171	180	190	203	166	178	186	193	198	203	209	217	227
X14x14	168	179	193	207	220	235	245	247	250	126	149	168	182	195	208	215	218	221	177	188	198	209	219	229	234	237	239
X14x15	158	167	173	183	193	207	221	237	248	115	124	136	152	166	181	195	209	218	170	177	183	191	200	210	221	232	237
X14x16	69	115	143	157	166	173	181	195	224	77	108	124	132	140	148	157	170	197	133	161	174	180	186	192	198	207	224
X14x17	23	32	41	52	68	88	115	141	161	35	44	53	64	77	94	116	136	151	90	102	112	123	136	152	171	187	199
X14x18	36	48	61	75	91	108	124	140	158	47	57	68	78	90	103	115	128	143	108	120	131	141	152	164	174	184	197
X14x19	34	45	57	69	84	101	119	136	155	44	53	62	72	83	96	109	123	137	105	117	127	136	147	158	170	181	192
X14x20	20	28	35	44	57	74	97	126	157	31	39	46	55	65	79	98	121	142	84	95	104	114	125	138	156	175	192
X14x21	23	32	41	52	67	87	112	139	160	35	44	52	62	74	89	109	128	140	91	102	112	122	134	148	165	179	189
X14x22	28	38	49	61	76	93	113	135	158	40	49	58	68	79	92	106	123	140	99	110	119	130	140	153	166	179	192
X14x23	37	58	87	123	150	163	170	178	192	48	65	84	99	108	117	128	140	155	108	126	145	160	167	174	181	189	200
X14x24	54	88	123	150	166	173	180	189	202	64	89	111	123	130	137	144	153	166	122	146	166	175	181	186	192	198	208
X14x25	27	40	55	75	99	126	150	166	181	38	50	62	77	96	113	127	138	150	96	109	122	137	153	168	179	187	196
X14x26	33	50	68	92	118	142	158	168	179	44	59	73	91	110	127	137	145	153	102	118	133	149	165	177	185	191	198
X14x27	37	49	62	77	95	113	130	147	165	47	58	67	79	92	105	118	131	145	109	121	131	141	153	165	174	184	197
X14x28	40	58	78	100	122	143	164	187	216	44	57	71	87	103	119	135	154	180	107	122	136	150	163	176	189	203	223
X14x29	42	52	62	73	87	105	126	151	188	45	54	61	69	79	92	106	125	153	110	119	127	136	146	157	169	183	205
X14x30	39	53	69	88	110	131	150	165	180	47	59	71	85	101	117	130	140	150	108	121	133	146	161	173	183	191	200
X14x31	31	44	58	75	93	112	131	147	164	41	52	64	76	90	103	115	127	139	99	112	124	135	147	159	169.5	179	189
X14x32	52	77	100	121	138	152	163	174	190	59	77	94	107	119	128	136	143	156	119	136	151	162	171	177	183	190	201
X14x33	42	62	86	113	140	158	171	182	195	52	68	86	104	119	131	141	151	162	111	127	144	160	171	180	187	194	203
X14x34	70	114	139	154	170	187	226	247	247	67	89	106	122	134	151	184	200	201	123	145	159	172	182	194	218	229	230
X14x9	177	192	202	215	229	241	247	249	251	167	181	193	206	219	231	237	239	245	194	204	212	222	231	240	244	246	248
X15x10	111	158	172	180	190	204	219	230	243	121	143	156	168	181	194	207	217	230	166	184	192	200	208	216	224	231	240
X15x11	33	50	69	92	118	143	167	189	207	45	61	79	98	117	135	157	176	193	103	119	135	152	168	182	195	206	217
X15x12	61	94	129	159	175	186	195	203	214	72	98	123	139	155	166	175	182	192	129	152	172	184	193	200	205	211	218
X15x13	136	168	177	184	192	202	216	231	245	113	131	141	151	163	176	189	203	215	167	179	186	192	199	206	216	226	234
X15x14	153	165	172	180	189	197	207	229	245	111	125	134	146	157	167	178	200	214	165	175	182	188	195	201	208	224	234
X15x15	161	173	183	192	202	214	229	245	249	126	139	154	166	176	187	201	213	216	174	183	191	198	205	214	225	232	235
X15x16	138	164	170	174	179	183	188	194	205	115	124	130	135	141	147	153	162	175	169	176	180	184	188	192	196	201	210
X15x17	24	35	46	60	76	97	120	141	160	37	48	58	69	83	99	114	131	145	93	106	117	129	142	156	170	181	193
X15x18	40	52	65	79	95	112	128	143	166	47	57	68	79	91	104	116	130	149	110	122	133	143	154	166	175	186	201
X15x19	35	47	57	69	83	99	115	131	149	43	53	62	71	82	94	107	120	134	105	117	126	135	145	156	167	177	189
X15x20	25	39	53	70	90	113	133	149	163	36	49	62	76	92	109	124	134	145	91	108	122	136	150	165	175	184	193
X15x21	25	35	46	60	78	101	127	148	166	37	47	56	68	82	100	119	131	143	94	106	116	128	141	157	171	181	191
X15x22	33	47	60	76	95	118	141	162	178	45	57	67	80	94	109	123	134	148	105	118	129	141	154	166	176	185	196
X15x23	66	116	149	163	170	177	189	204	223	68	98	111	122	131	141	153	167	186	126	154	166	174	181	187	195	206	220
X15x24	45	78	115	146	168	183	201	227	244	56	82	106	124	139	151	168	189	202	113	138	159	175	185	195	206	221	229
X15x25	23	33	44	57	75	98	124	151	174	36	45	55	66	81	98	118	136	152	91	104	115	126	139	155	172	185	198
X15x26	32	48	66	87	110	133	152	165	177	46	60	74	90	108	123	136	146	154	104	119	133	147	162	174	183	190	198
X15x27	39	51	63	78	94	111	128	145	165	49	59	69	80	93	106	119	132	147	111	122	132	142	153	164	175	184	197
X15x28	36	49	62	76	92	109	125	143	166	41	52	61	72	83	96	109	123	143	104	116	127	137	148	159	170	182	198
X15x29	42	54	67	81	97	115	134	155	176	50	59	69	80	92	105	119	134	149	113	123	133	143	154	165	177	187	199
X15x30	42	55	68	82	100	119	138	156	174	49	60	70	81	94	108	122	135	147	112	124	134	144	155	167	178	187	198
X15x31	41	54	68	84	101	120	138	156	173	48	59	69	81	94	107	121	133	145	111	123	133	143	155	166	176	185	195
X15x33	44	57	71	85	100	116	133	158	211	51	61	71	82	94	106	119	137	176	113	124	134	144	153	163	174	189	217
X15x34	21	32	48	77	118	162	246	247	249	27	38	53	76	100	141	194	196	198	75	94	112	134	155	189	226	227	229
X15x9	110	159	182	192	200	207	215	224	242	119	154	174	185	192	199	206	216	232	164	190	200	207	213	218	223	230	241
X16x10	48	94	158	182	193	203	212	223	237	58	98	139	155	171	182	191	201	217	119	153	184	195	204	210	217	223	232
X16x11	38	67	108	144	169	188	203	212	221	49	77	108	133	155	170	183	192	201	108	134	160	180	193	203	210	216	223
X16x12	73	115	147	167	177	185	192	201	213	74	104	122	135	144	153	162	172	186	134	160	174	183	189	194	200	207	215
X16x13	85	129	158	172	183	193	202	212	223	84	107	122	135	146	158	168	180	193	143	163	174	183	190	197	203	211	220
X16x14	172	186	202	214	226	238	245	250	252	131	150	171	182	193	204	211	215	218	179	191	202	211	219	226	231	234	236
X16x15	175	186	197	210	224	236	247	252	254	136	155	169	182	194	204	214	218	220	181	191	200	210	219	227	233	236	237
X16x16	160	169	174	179	184	189	195	203	217	114	122	129	136	143	150	158	168	184	170	176	181	185	189	193	198	204	214
X16x17	81	135	160	168	174	179	186	197	229	83	110	119	126	133	140	150	163	193	138	165	173	178	183	188	194	203	222
X16x18	45	66	91	115	135	151	164	174	184	55	73	92	110	124	134	142	152	162	114	131	148	164	175	182	188	195	203
X16x19	32	47	63	81	102	124	143	156	170	45	58	72	87	103	120	133	143	153	102	116	130	144	159	172	182	190	198
X16x20	28	41	58	83	115	145	163	174	187	43	55	69	89	113	131	141	151	163	98	112	126	144	165	178	186	193	202
X16x21	34	51	71	99	131	158	175	188	206	50	65	81	101	122	139	152	162	177	108	123	138	156	172	185	193	201	212
X16x22	31	46	64	88	118	147	164	179	215	44	56	70	86	105	119	130	145	181	101	116	129	145	160	171	180	191	215
X16x23	53	87	121	150	170	186	202	244	249	62	88	110	129	143	156	172	207	213	118	142	162	177	187	197	208	231	235
X16x24	30	44	59	79	104	132	157	176	203	44	57	70	86	104	124	139	153	177	101	115	128	142	158	175	187	198	215
X16x25	25	34	42	53	67	87	113	143	169	38	47	55	64	76	92	112	133	149	94	105	114	124	135	149	167	183	195
X16x26	36	51	66	83	102	123	145	163	181	49	62	74	87	102	118	134	146	159	108	122	134	146	159	172	184	193	203
X16x27	38	51	65	79	95	111	127	143	163	51	61	72	84	96	108	121	133	147	109	121	132	143	154	165	175	184	195
X16x28	39	50	61	73	87	105	125	147	170	48	57	66	75	86	99	115	131	148	110	121	129	139	149	161	173	186	200
X16x29	43	58	72	88	105	123	139	154	171	50	62	74	86	99	112	124	135	148	112	125	136	147	158	168	177	186	196
X16x30	44	56	69	83	98	116	137	158	183	51	61	70	80	92	105	119	135	153	115	125	135	144	154	165	177	188	202
X16x31	47	61	74	89	105	125	147	172	204	53	64	74	85	97	111	127	144	166	116	128	138	148	158	170	182	194	212
X16x32	42	57	72	89	106	123	138	152	172	50	62	73	86	98	110	120	130	144	110	123	135	146	157	167	175	183	196
X16x33	45	59	73	89	106	125	144	163	187	52	64	76	87	100	114	127	139	156	113	125	136	147	158	169	179	189	203
X16x34	25	38	59	112	233	250	251	252	253	33	45	64	105	189	197	198	199	201	84	102	123	160	222	227	229	230	232
X16x9	33	44	55	67	84	105	130	156	183	47	58	69	81	95	114	133	153	176	106	117	127	138	150	165	181	194	207
X17x10	46	80	122	159	185	196	204	212	225	57	86	118	145	166	178	188	197	211	116	144	170	189	201	208	214	220	229
X17x11	32	48	68	95	125	152	174	191	209	45	61	79	101	124	143	161	177	193	104	121	138	155	173	187	198	208	219
X17x12	32	46	63	84	111	142	173	192	208	43	57	71	88	109	131	149	168	184	103	118	132	147	163	180	193	204	214
X17x13	164	176	182	187	192	199	210	225	237	124	134	142	149	158	168	182	198	210	175	183	188	193	198	204	212	223	231
X17x14	154	172	181	186	194	203	217	230	240	113	127	139	149	160	173	188	200	210	169	180	187	193	199	207	216	224	231
X17x15	165	173	179	185	191	200	210	223	238	117	128	139	149	159	171	181	193	206	172	180	186	192	198	204	211	220	229
X17x16	156	167	174	179	184	191	203	218	240	113	124	134	141	149	158	172	188	207	168	177	182	187	191	197	206	216	229
X17x17	154	171	180	186	193	204	219	235	244	118	134	142	152	161	173	189	202	211	171	182	187	193	199	206	216	226	233
X17x18	156	166	173	182	192	205	220	246	249	119	128	139	151	164	176	189	211	216	169	178	184	191	199	207	217	232	234
X17x19	146	158	166	172	179	187	199	215	231	107	118	128	137	148	158	171	187	200	162	171	177	183	190	196	204	215	225
X17x20	135	164	177	193	210	227	238	245	248	119	135	153	169	185	200	209	213	215	166	180	190	201	212	224	231	235	236
X17x21	117	177	194	204	215	227	238	244	247	119	158	171	180	190	201	210	214	216	166	194	203	210	218	226	232	235	236
X17x22	64	111	147	167	181	192	207	226	245	77	110	129	146	159	170	184	201	218	133	159	176	188	196	204	214	226	235
X17x23	41	71	115	153	169	184	204	232	245	53	79	111	133	148	163	181	206	216	110	134	162	178	190	201	212	229	235
X17x24	25	37	51	70	96	133	166	205	245	37	48	59	74	95	123	148	181	212	90	105	118	133	151	173	192	213	233
X17x25	29	40	51	64	80	102	127	150	169	41	52	62	72	85	101	120	135	149	98	110	121	131	142	157	172	184	195
X17x26	30	42	55	71	90	113	137	159	181	45	57	68	81	96	115	132	147	164	102	114	126	138	153	169	182	194	207
X17x27	27	35	45	55	68	86	110	139	163	40	49	58	67	78	92	111	132	149	96	107	116	126	136	150	167	184	196
X17x28	27	39	53	73	99	126	150	168	183	40	52	65	81	101	120	137	149	160	96	110	123	138	156	173	186	195	203
X17x29	35	50	68	87	108	126	143	158	175	46	60	74	89	106	121	134	144	157	105	119	133	147	160	173	183	191	201
X17x30	44	59	75	93	114	134	153	176	218	52	65	77	91	107	123	137	153	187	115	128	140	152	164	176	187	199	225
X17x31	40	56	73	91	110	127	143	156	170	51	64	77	91	106	119	130	139	150	110	124	137	149	161	172	180	188	198
X17x32	40	56	73	92	109	124	139	152	169	50	64	77	92	105	117	127	137	148	109	124	137	150	162	171	179	187	197
X17x33	46	69	100	131	153	175	199	230	246	55	74	98	120	135.5	152	169	191	201	113	133	153	171	184	196	209	224	230
X17x9	36	56	85	125	165	182	199	214	232	48	68	93	125	155	173	193	208	225	106	127	149	174	192	201	212	224	237
X18x10	166	186	195	203	211	217	223	229	237	155	175	185	194	200	206	212	218	225	191	202	209	214	219	223	228	232	237
X18x11	29	41	55	74	98	126	154	179	204	41	54	68	85	106	127	148	171	193	100	114	127	142	158	175	190	204	218
X18x12	51	82	119	152	174	186	196	207	222	66	93	122	144	158	171	180	190	203	125	148	171	187	196	203	210	217	226
X18x13	173	183	191	198	206	215	224	235	245	135	151	162	173	184	193	202	213	222	182	191	198	203	210	216	223	231	237
X18x14	155	167	174	180	186	193	202	215	234	111	123	133	142	151	161	172	187	206	167	175	181	187	193	199	206	215	226
X18x15	166	176	183	190	198	207	217	227	242	120	133	143	155	168	179	190	199	212	173	182	189	195	202	209	216	223	230
X18x16	161	172	178	184	189	197	206	219	238	123	136	143	151	158	168	178	192	207	174	182	187	192	197	202	210	219	229
X18x17	166	174	182	189	197	205	214	225	239	130	141	152	160	169	178	186	197	208	178	184	191	196	202	208	214	221	228
X18x19	75	135	174	189	206	230	243	246	249	87	132	157	170	184	203	214	217	217	141	177	193	202	212	225	231	232	234
X18x20	28	41	54	72	92	118	143	164	187	43	54	67	81	98	118	137	153	170	99	112	124	137	152	169	183	194	207
X18x21	139	183	198	210	222	231	238	244	247	131	163	176	186	197	204	210	216	219	174	196	205	213	220	226	230	233	234
X18x22	156	168	179	190	200	212	225	240	246	119	138	156	167	178	189	201	214	220	169	180	190	198	206	214	224	231	235
X18x23	152	171	182	193	203	212	225	244	245	133	149	160	170	180	190	201	220	221	174	186	194	202	209	215	224	234	235
X18x24	90	133	157	170	182	197	218	241	245	93	120	137	149	161	176	195	216	220	143	167	180	188	197	207	220	232	234
X18x25	69	107	140	159	168	176	186	199	215	77	103	123	135	145	153	163	176	191	132	156	172	181	187	194	200	208	218
X18x26	29	40	51	65	81	101	125	151	175	44	55	65	76	89	105	123	141	160	101	113	123	134	146	159	174	188	200
X18x27	24	32	41	51	65	83	107	137	161	38	47	55	64	75	90	108	129	146	94	105	114	123	134	147	163	180	192
X18x28	30	48	70	97	127	153	168	180	196	43	60	78	98	121	137	148	158	172	98	117	134	153	170	182	191	198	208
X18x29	53	88	123	149	164	176	188	209	245	63	91	117	133	146	155	165	183	210	119	143	164	176	186	193	202	214	233
X18x30	38	59	86	115	139	155	170	188	221	50	68	90	113	129	142	153	167	193	107	125	144	162	175	185	194	205	223
X18x31	29	44	62	85	109	133	150	163	179	42	56	71	89	107	123	134	144	160	97	111	126	142	158	171	180	188	202
X18x32	25	43	65	91	119	140	154	165	178	37	53	71	92	112	126	135	144	156	88	108	126	145	163	174	181	189	199
X18x33	25	64	125	169	212	245	246	246	248	31	68	116	148	180	205	206	208	212	78	120	162	190	214	229	231	232	233
X18x9	147	170	182	190	197	206	216	229	241	123	149	165	176	185	195	206	220	233	173	188	197	204	210	216	224	232	241
X19x10	153	174	185	194	204	213	223	236	253	119	146	160	176	188	197	207	220	237	171	188	197	204	211	217	224.5	234	246
X19x11	34	49	68	95	131	163	184	197	214	43	59	77	101	131	154	168	181	199	101	118	135	155	178	193	202	210	221
X19x12	63	106	150	177	189	199	208	218	230	71	107	136	154	169	180	189	197	209	130	160	181	192	201	208	214	220	230
X19x13	169	179	184	190	196	202	210	220	234	127	138	148	157	165	174	185	196	210	177	184	190	195	200	205	211	219	229
X19x14	178	187	193	198	204	210	216	223	237	140	152	160	168	174	182	189	197	210	184	192	197	201	205	210	215	221	229
X19x15	161	173	180	185	191	196	204	213	224	118	130	139	148	157	164	172	182	194	171	179	185	191	195	200	205	212	220
X19x16	161	173	180	186	191	197	203	212	224	117	126	136	146	153	161	171	181	193	172	179	185	190	194	199	204	211	220
X19x17	110	162	178	186	194	204	217	234	248	102	127	141	152	162	173	186	202	214	156	177	186	193	199	206	215	225	232
X19x18	155	169	174	179	184	190	197	209	230	121	132	138	144	151	158	169	180	199	170	178	183	187	191	196	202	210	225
X19x19	34	48	63	83	109	142	172	193	246	48	60	74	89	110	135	155	171	212	106	119	132	146	163	182	195	207	231
X19x20	59	107	152	177	191	209	229	248	252	69	104	139	157	168	183	200	215	218	123	152	181	193	201	213	225	233	235
X19x21	171	188	204	217	228	237	244	250	253	148	166	179	191	199	207	213	218	220	184	197	207	215	223	228	232	235	237
X19x22	152	181	190	200	211	220	228	240	251	133	155	167	177	187	195	202	212	221	177	191	198	205	212	219	224	231	237
X19x23	160	173	182	191	202	216	233	250	254	131	144	154	165	176	190	204	221	222	175	184	191	198	206	215	227	236	238
X19x24	123	156	168	179	191	202	215	238	252	109	127	139	154	165	176	189	208	220	158	172	181	191	199	207	216	229	237
X19x25	118	155	170	180	186	193	200	208	220	111	131	143	152	160	168	175	182	193	160	177	185	191	196	201	206	212	220
X19x26	92	132	156	170	179	186	194	202	214	91	114	133	144	153	162	169	177	188	145	165	179	187	193	198	203	209	217
X19x27	53	77	102	128	150	168	180	192	210	62	80	97	114	128	143	155	167	183	120	137	152	164	175	186	194	202	214
X19x28	80	135	162	183	204	224	237	248	252	84	122	144	161	178	195	205	215	218	135	164	182	195	209	221	229	233	237
X19x29	142	166	183	203	220	236	249	252	254	129	148	163	179	194	207	218	220	222	166	182	194	207	219	228	235	237	238
X19x30	140	171	193	208	225	241	250	253	254	127	152	170	184	198	210	218	220	222	165	185	200	211	222	231	235	237	240
X19x31	146	176	200	222	244	250	253	254	255	133	157	177	196	215	219	221	222	225	169	189	205	220	232	235	237	239	241
X19x32	151	170	190	207	224	243	251	253	255	135	151	167	182	197	213	220	221	224	172	185	198	210	221	232	236	238	240
X19x9	187	202	212	220	228	235	243	251	255	175	192	201	209	216	224	232	240	242	199	211	218	223	229	234	240	245	247
X20x10	184	202	216	228	237	244	248	252	254	170	190	203	214	222	228	233	236	238	198	210	220	228	234	239	243	246	248
X20x11	178	193	209	223	232	238	244	248	251	161	181	198	211	220	226	231	236	238	194	205	216	225	231	236	240	244	246
X20x12	131	173	184	193	200	208	219	230	246	129	154	165	175	183	193	204	215	229	174	191	198	203	209	216	224	232	242
X20x13	163	177	184	189	193	197	202	209	224	132	146	155	163	169	174	181	190	206	180	188	194	198	201	205	210	216	227
X20x14	87	133	162	175	183	190	197	205	214	95	125	141	152	161	168	176	184	193	147	174	185	192	197	202	207	212	219
X20x15	32	43	56	74	96	122	151	173	193	44	55	67	83	100	119	138	156	173	103	114	126	140	155	171	185	196	208
X20x16	152.5	170	178	184	190	196	203	211	225	124	135	143	152	160	168	177	186	199	173	181	187	193	198	203	208	215	224
X20x17	160	170	179	187	196	206	215	227	242	119	134	145	157	168	179	188	199	211	173	181	189	196	203	210	216	224	234
X20x18	63	136	176	189	197	204	211	218	229	75	128	152	166	174	180	187	194	204	132	176	191	199	204	209	214	220	229
X20x19	32	45	61	82	113	154	187	208	232	45	57	72	90	113	146	169	184	203	102	116	130	146	166	191	206	217	230
X20x20	149	175	199	217	230	242	248	250	251	130	157	177	192	203	213	217	218	220	171	192	207	218	227	233	234	235	237
X20x21	166	188	200	210	220	231	241	248	250	144	169	179	187	196	205	214	220	222	183	199	207	214	220	227	232	236	237
X20x22	158	178	189	198	209	219	228	235	245	137	158	169	178	188	196	204	210	220	177	192	200	206	214	220	226	231	237
X20x23	168	185	200	213	224	237	245	247	248	146	165	179	190	200	212	221	223	223	185	197	207	215	223	233	236	237	238
X20x24	124	157	168	176	185	195	206	224	247	117	134	144	153	163	172	183	200	222	162	177	185	191	198	205	213	225	237
X20x25	128	159	173	185	198	218	241	247	248	119	141	153	165	178	195	216	221	223	161	179	188	197	207	221	234	236	238
X20x26	128	163	183	200	215	226	234	245	247	113	146	164	180	193	202	210	220	223	160	183	197	209	218	226	232	236	238
X20x27	113	157	182	199	212	222	231	243	248	112	146	166	180	191	199	208	219	224	156	181	196	207	216	223	230	235	238
X20x28	165	186	204	218	228	237	246	249	250	150	170	185	196	205	214	221	223	226	183	198	211	220	228	234	237	238	240
X20x29	182	200	214	227	236	246	248	249	250	167	182	195	206	214	223	225	226	228	194	207	217	226	232	237	238	240	241
X20x30	160	185	202	216	228	243	249	250	250	149	169	184	197	208	221	226	226	228	182	198	209	219	228	237	239	240	241
X20x31	162	190	208	221	232	241	249	250	251	150	174	189	202	211	220	226	228	229	182	200	212	223	230	236	239	240	242
X20x32	180	207	225	240	249	250	250	251	252	164	188	205	219	226	227	227	228	230	194	212	225	235	239	240	240	241	242
X20x9	139	162	176	188	199	209	223	237	250	113	136	152	172	184	196	210	223	235	165	182	191	201	209	216	226	236	245
X21x10	171	183	196	209	224	238	245	248	251	146	168	184	198	212	224	231	236	238	185	196	206	216	226	234	240	242	245
X21x11	177	192	212	226	236	244	247	249	251	155	180	201	214	224	232	235	236	237	191	203	217	227	234	240	242	243	245
X21x12	153	187	197	208	219	229	238	245	249	142	174	187	198	208	218	226	233	237	183	200	208	215	223	230	236	241	243
X21x13	159	172	178	183	188	192	198	203	211	132	145	154	161	167	173	179	186	196	177	186	192	195	199	203	207	212	218
X21x14	45	66	88	114	139	161	174	182	191	62	81	99	119	138	152	162	170	178	118	136	151	168	182	191	197	203	211
X21x15	65	106	143	165	174	181	187	192	200	76	108	127	139	148	155	161	168	178	134	159	175	184	190	194	198	203	210
X21x16	77	126	162	173	179	184	188	194	203	83	114	131	141	148	154	161	168	178	141	167	179	185	190	194	198	203	211
X21x17	153	165	171	177	184	192	204	216	228	115	127	136	146	156	166	179	191	203	169	177	182	188	194	201	209	217	226
X21x18	62	114	161	176	186	194	204	213	230	75	115	142	154	163	172	180	189	204	131	166	184	192	198	204	210	217	228
X21x19	35	49	66	89	119	152	174	201	227	49	62	76	95	119	141	157	179	200	107	120	133	150	170	185	196	210	225
X21x20	164	185	204	221	233	241	245	247	250	146	165	180	195	206	213	216	217	219	182	196	208	219	227	231	232	234	235
X21x21	170	191	206	219	231	242	245	247	248	153	171	184	195	205	215	219	220	222	186	201	211	219	226	232	234	235	236
X21x22	157	171	181	192	205	219	233	244	247	134	150	162	173	184	197	208	219	222	175	186	195	203	211	220	228	234	236
X21x23	145	164	182	203	221	243	245	246	247	129	147	165	182	200	219	221	221	223	168	184	196	209	223	234	235	236	237
X21x24	158	186	201	214	225	235	246	247	247	145	168	182	194	203	212	222	223	224	180	198	208	217	224	230	236	237	237
X21x25	163	183	199	210	221	231	244	246	248	151	168	182	192	200	209	221	224	225	183	197	207	215	222	229	236	237	239
X21x26	167	197	217	231	241	246	247	248	249	155	181	199	211	220	224	225	226	227	186	206	220	229	234	237	238	239	240
X21x27	172	199	221	236	246	247	249	249	250	159	183	203	217	225	226	227	227	228	188	207	222	233	237	238	239	239	241
X21x28	167	196	214	228	240	247	249	249	250	156	181	197	210	221	227	227	229	230	186	205	218	229	236	239	239	240	242
X21x29	186	210	227	241	247	249	249	250	251	174	194	210	223	228	229	230	230	232	198	214	227	236	239	240	240	242	242
X21x30	191	215	229	242	247	247	249	249	250	178	199	212	225	229	230	230	232	232	201	218	228	237	240	240	241	242	243
X21x31	192	208	219	230	244	248	249	249	250	179	193	203	213	227	230	232	232	233	203	213	221	229	237	240	241	242	242
X21x9	141	154	167	178	187	195	209	225	243	108	123	142	159	170	181	196	212	229	162	173	184	193	199	206	216	228	240
X22x10	170	186	195	203	211	219	229	241	250	146	169	180	189	196	204	214	226	235	185	196	204	210	216	221	229	236	244
X22x11	177	202	218	234	242	247	251	253	255	159	188	205	220	227	232	236	239	240	191	209	220	230	235	239	242	244	245
X22x12	166	184	194	203	213	228	243	252	255	152	168	180	190	200	214	228	237	239	186	196	204	211	219	229	237	242	245
X22x13	128	165	177	183	188	194	201	211	233	121	143	155	163	171	178	186	195	217	167	184	190	195	200	205	210	218	233
X22x14	146	174	183	190	196	203	210	220	238	137	155	164	171	177	184	191	201	219	177	190	195	200	205	210	215	222	234
X22x15	98	148	173	184	191	196	202	210	221	104	137	152	162	169	175	181	188	200	155	180	190	195	200	204	209	215	223
X22x16	34	44	55	66	79	95	114	136	161	48	57	66	76	87	99	114	132	150	107	118	127	136	145	156	168	181	194
X22x17	39	53	71	95	122	153	179	190	203	50	63	78	97	117	138	152	162	175	111	125	138	154	171	185	193	200	208
X22x18	120	168	180	187	194	203	214	226	238	118	146	156	163	170	178	188	197	207	165	186	192	197	202	208	214	222	229
X22x19	36	49	62	79	102	132	164	201	235	49	61	72	86	104	127	150	178	203	107	119	130	143	158	177	192	209	227
X22x20	151	167	178	186	194	204	216	234	250	124	138	149	160	169	179	189	202	217	168	180	187	194	200	207	215	226	234
X22x21	177	187	196	204	212	222	236	246	253	156	165	172	179	186	194	205	214	220	188	195	201	207	212	219	227	233	237
X22x22	142	169	179	187	194	200	210	225	252	130	146	156	164	170	177	184	198	220	173	184	191	196	200	206	212	222	236
X22x23	150	180	199	211	223	236	249	253	254	137	160	176	187	197	208	219	220	221	175	193	204	212	220	228	235	236	238
X22x24	180	202	214	224	234	245	250	253	254	161	179	191	199	207	217	221	222	224	190	206	214	221	228	234	237	238	239
X22x25	177	201	217	232	246	250	252	253	255	159	180	195	208	221	224	225	226	226	189	206	218	227	235	239	239	239	240
X22x26	183	203	218	232	244	250	251	254	255	165	183	197	209	219	224	226	226	228	194	208	218	227	234	237	240	240	241
X22x27	183	207	221	233	244	250	251	253	253	167	188	200	211	221	227	228	229	230	194	210	220	228	235	238	240	242	242
X22x28	190	214	228	238	249	251	252	253	253	173	194	206	216	227	229	229	230	231	199	215	226	233	238	239	241	242	243
X22x29	192	217	237	250	252	253	253	253	253	178	199	218	229	230	231	231	232	232	202	219	233	238	239	240	242	243	243
X22x30	207	223	237	250	251	253	253	255	255	190	205	217	230	231	232	233	233	234	211	222	232	238	239	241	243	243	245
X22x31	201	219	231	241	250	252	253	255	255	186	201	212	221	231	233	233	234	235	208	220	228	235	239	241	242	244	245
X22x9	143	167	176	183	191	200	210	222	237	127	146	159	170	181	191	201	212	227	172	184	191	198	204	211	219	226	237
X23x10	170	186	195	201	208	215	224	235	249	158	177	186	193	199	207	215	226	239	191	201	208	213	218	224	230	239	246
X23x11	164	181	193	202	210	218	229	242	250	155	172	184	193	201	209	219	232	239	185	197	205	212	218	225	233	242	247
X23x12	158	180	193	203	212	226	245	250	252	143	164	177	189	199	213	233	236	239	178	194	204	212	219	229	242	246	248
X23x13	181	195	203	210	217	226	240	252	252	173	185	193	200	206	215	228	236	237	196	206	212	218	223	231	240	246	247
X23x14	110	158	179	187	194	201	209	217	233	114	147	161	171	179	187	194	203	219	162	187	195	201	206	211	217	224	234
X23x15	89	156	179	188	195	200	206	212	223	99	146	162	172	178	184	189	196	206	152	186	196	202	206	210	215	220	228
X23x16	34	43	52	64	81	102	127	153	174	45	55	64	76	90	106	126	144	160	106	116	125	135	147	161	177	189	200
X23x17	68	108	144	164	174	181	189	202	220	76	103	121	133	145	155	164	177	195	135	159	174	183	189	195	201	210	222
X23x18	158	171	177	182	189	196	205	217	231	122	137	147	155	163	171	181	193	205	172	182	188	193	198	203	209	217	227
X23x19	89	136	167	179	188	197	205	216	240	94	127	146	156	166	174	182	191	211	148	174	186	193	200	206	212	219	233
X23x20	175	191	202	214	226	240	245	247	250	155	169	179	190	201	214	220	221	223	187	199	207	215	224	233	235	236	237
X23x21	171	181	188	195	202	209	218	227	242	144	157	164	171	178	185	193	202	215	184	192	197	202	207	212	218	225	235
X23x22	170	183	192.5	201	212	231	247	251	253	150	162	171	179	189	205	219	220	221	185	194	201	207	215	228	235	237	238
X23x23	176	188	197	207	216	225	234	245	250	157	168	176	184	192	200	208	217	220	188	197	204	210	217	224	230	235	237
X23x24	170	199	218	230	243	248	250	250	253	154	178	195	205	216	221	222	223	224	186	205	218	228	235	237	237	238	240
X23x25	193	213	225	233	246	248	248	249	250	174	191	201	209	221	223	224	224	226	200	214	223	230	236	237	237	238	240
X23x26	193	211	221	229	236	247	250	250	251	174	189	198	205	212	223	226	226	227	200	213	221	227	232	238	239	240	241
X23x27	199	219	238	249	249	250	251	251	251	181	199	216	226	227	227	227	227	228	205	220	234	239	239	240	240	240	241
X23x28	213	234	241	249	250	250	251	252	253	193	212	218	227	228	228	229	229	230	214	229	235	239	240	240	241	242	243
X23x29	185	213	231	243	250	251	252	252	253	172	196	212	224	228	230	230	231	231	199	217	229	237	240	242	242	242	243
X23x30	213	227	238	247	249	251	252	253	253	195	209	220	228	230	231	231	232	233	216	227	235	240	242	242	242	243	245
X23x31	171	202	219	234	246	250	252	252	253	162	188	204	217	229	232	233	234	235	192	211	224	233	240	243	243	245	245
X23x9	167	184	197	209	221	234	246	250	251	157	176	191	204	215	227	240	246	247	189	202	212	221	229	237	245	247	248
X24x10	172	181	188	196	206	218	230	240	248	148	161	173	183	195	208	219	229	237	186	194	200	207	215	223	231	239	245
X24x11	186	197	208	218	228	237	246	250	251	177	188	199	209	218	227	236	239	240	197	207	215	223	230	237	242	244	247
X24x12	138	177	188	196	204	214	227	246	249	134	161	174	185	194	204	216	235	238	175	191	200	207	213	221	232	242	245
X24x13	171	179	185	190	196	202	210	224	248	144	156	164	171	178	185	194	210	233	184	190	195	200	205	210	217	228	244
X24x14	121	168	184	193	200	208	216	228	247	125	156	170	179	186	193	201	212	230	169	191	199	205	210	215	221	230	240
X24x15	153	178	188	195	200	206	211	218	230	136	159	170	178	184	189	195	201	213	180	193	200	204	209	213	217	222	231
X24x16	117	151	169	177	183	189	195	203	214	111	129	139	148	156	164	172	182	194	163	177	184	190	195	200	205	211	219
X24x17	165	176	183	190	196	202	209	217	230	127	141	154	166	174	180	187	195	207	175	185	192	198	203	208	213	219	229
X24x18	162	177	183	189	194	199	206	216	232	132	148	155	161	168	174	182	192	208	177	187	192	196	200	204	209	217	228
X24x19	154	167	175	182	188	196	204	216	234	123	137	148	157	164	172	180	192	209	171	180	187	192	197	203	209	217	229
X24x20	155	173	184	195	204	216	241	245	248	133	151	162	173	181	193	216	220	221	173	185	194	201	208	217	232	234	236
X24x21	151	167	175	182	189	198	208	220	236	117	137	147	156	165	174	184	195	210	167	179	186	191	197	203	211	220	232
X24x23	166	181	191	200	210	221	230	242	249	149	162	170	178	187	196	205	215	221	182	192	199	206	213	220	227	233	236
X24x24	185	210	225	235	245	247	247	248	250	167	187	201	211	220	222	223	223	224	194	211	223	230	234	236	236	237	238
X24x25	181	204	220	231	242	247	247	248	249	164	184	197	207	218	223	223	224	225	192	208	219	228	234	236	237	237	239
X24x26	211	237	247	248	249	250	250	250	251	190	214	224	224	225	226	226	226	227	211	232	237	237	238	239	239	239	240
X24x27	191	215	228	237	247	249	249	250	251	173	195	206	215	225	226	227	227	228	199	215	225	232	237	239	239	239	240
X24x28	202	222	236	247	249	250	250	250	252	184	203	216	226	227	228	228	228	230	207	222	232	237	239	240	240	240	242
X24x29	217	232	242	249	250	251	252	252	252	199	213	223	228	228	230	230	230	231	218	228	235	239	240	241	242	242	242
X24x30	201	219	230	237	247	249	250	251	252	186	202	212	220	229	230	231	232	233	209	221	228	234	239	240	242	242	243
X24x9	173	182	188	195	202	208	215	223	237	156	167	176	185	193	201	208	217	231	189	196	201	207	212	218	224	231	241
X25x10	169	181	189	197	204	213	222	236	249	143	159	171	181	190	200	210	224	237	183	193	200	206	212	218	226	236	244
X25x11	185	194	201	208	215	222	231	241	253	167	178	188	195	203	211	219	229	240	195	203	209	214	220	225	232	240	245
X25x12	166	184	194	202	209	215	222	230	240	145	166	179	188	196	203	209	217	227	186	198	205	211	216	221	226	231	239
X25x13	80	120	155	175	190	204	216	225	236	93	123	146	162	175	191	202	210	219	146	171	188	197	205	213	220	227	234
X25x14	194	204	210	215	221	227	234	244	251	178	188	194	199	204	210	217	226	232	203	210	214	218	222	227	232	238	243
X25x15	182	193	200	206	212	218	226	236	249	162	173	181	188	194	201	208	218	231	193	201	206	211	216	220	226	233	240
X25x16	175	191	198	203	208	213	219	228	242	155	170	178	184	189	194	200	209	222	189	199	204	208	212	216	221	228	237
X25x17	171	180	186	191	197	202	208	217	232	136	149	158	166	173	179	185	193	209	180	188	193	198	202	207	212	218	230
X25x18	159	174	183	191	198	207	215	223	234	130	144	156	167	176	185	192	200	210	175	185	192	198	204	210	216	222	230
X25x19	163	177	185	192	200	209	219	237	248	142	154	163	170	178	186	195	212	223	179	189	195	200	206	212	219	230	237
X25x20	162	176	186	195	206	217	228	244	251	144	157	166	175	185	195	205	220	225	177	187	194	202	210	218	226	236	239
X25x21	161	179	192	203	214	228	246	250	254	144	160	172	182	192	204	222	225	226	178	190	199	207	215	226	236	239	240
X25x22	173	188	197	205	214	225	241	250	253	154	167	176	184	191	201	215	223	226	185	195	202	209	215	224	233	238	241
X25x23	177	194	209	220	229	239	247	251	253	159	174	186	196	205	215	222	225	227	188	200	210	218	225	232	237	239	241
X25x24	178	201	217	228	238	249	251	253	254	162	181	194	204	213	223	225	226	227	191	206	216	224	232	237	239	240	241
X25x25	189	209	223	233	239	249	251	251	253	170	187	200	209	215	224	226	227	227	196	211	221	227	231	237	239	240	240
X25x26	205	223	235	242	251	251	253	253	254	183	200	210	217	226	227	228	229	229	207	221	228	234	236	238	240	241	242
X25x27	200	225	238	247	251	252	253	253	253	180	203	215	224	227	229	229	229	230	203	222	230	237	238	240	242	242	242
X25x28	209	229	238	244	251	252	253	253	254	189	207	215	221	229	229	230	231	231	210	224	231	236	238	239	242	242	243
X25x29	214	232	240	249	252	253	253	253	255	194	211	218	227	230	231	231	232	233	214	226	231	237	239	240	242	243	245
X25x30	210	232	244	252	253	254	255	255	255	191	212	223	230	232	232	233	233	234	212	227	235	239	241	242	243	245	245
X25x9	179	194	207	221	243	253	254	254	255	160	186	200	214	237	249	250	250	250	191	204	215	226	244	246	247	247	249
X26x10	181	190	197	204	211	220	231	245	251	166	179	188	196	204	213	224	238	247	196	203	209	215	220	227	237	246	250
X26x11	164	184	193	199	204	210	218	229	244	149	173	182	189	196	202	209	221	235	188	200	206	211	215	220	226	234	244
X26x12	132	170	181	188	194	200	207	215	229	122	142	154	165	174	183	192	201	216	171	186	194	199	204	209	215	222	233
X26x13	67	91	116	143	165	181	193	203	218	80	100	119	139	156	169	179	189	204	137	154	170	185	195	202	208	214	223
X26x14	112	154	174	181	187	192	198	206	219	113	137	148	156	164	172	180	189	201	164	183	190	195	200	204	209	215	224
X26x15	195	203	209	214	219	224	230	237	246	176	186	192	197	201	207	212	219	226	204	210	214	218	222	226	230	235	240
X26x16	171	188	196	202	208	214	220	227	236	155	171	178	185	190	196	202	209	218	191	200	205	209	214	218	223	228	235
X26x17	125	167	184	193	200	205	211	217	226	123	149	165	175	181	187	192	198	207	170	189	198	204	208	212	216	221	229
X26x18	130	172	186	197	205	212	219	227	237	122	151	168	179	186	193	200	207	216	170	190	198	205	210	216	221	227	234
X26x19	119	174	191	203	213	225	239	248	250	119	158	174	183	192.5	202	216	224	226	166	193	203	210	218	225	235	238	240
X26x20	171	188	197	203	210	217	228	244	250	157	172	180	186	192	199	208	223	226	187	199	205	210	215	221	229	238	240
X26x21	167	183	196	211	224	238	247	249	250	154	168	179	192	204	216	225	226	227	185	197	206	215	225	235	238	240	241
X26x22	155	178	195	210	223	238	247	249	249	145	165	179	191	202	216	225	227	227	179	193	204	214	224	234	238	240	240
X26x23	194	212	223	232	239	245	248	250	251	177	192	202	210	217	222	225	227	228	202	214	223	229	234	237	239	240	242
X26x24	193	215	228	238	246	249	250	250	251	176	194	206	215	223	226	227	228	228	200.5	216	226	233	238	240	240	240	242
X26x25	183	205	218	231	242	249	250	250	251	169	187	199	211	220	227	227	228	228	196	211	221	229	236	239	240	240	241
X26x26	192	219	234	246	249	250	250	251	253	176	198	211	224	227	227	228	228	229	203	220	230	237	240	240	240	241	242
X26x27	207	227	238	249	250	252	252	252	252	189	207	217	227	228	230	230	230	230	210	226	233	239	240	242	242	242	242
X26x28	215	234	244	250	251	252	252	253	253	196	212	222	228	229	230	230	231	231	217	231	238	240	241	242	242	243	243
X27x10	138	177	188	196	203	209	216	227	244	142	169	181	190	197	204	211	222	239	178	196	203	209	214	220	226	234	246
X27x11	154	182	191	198	204	210	218	226	239	149.5	168	180	188	195	202	210	219	231	186	198	204	210	214	219	225	231	241
X27x12	175	184	193	200	206	212	220	229	241	149	163	177	186	193	201	209	218	229	188	196	202	208	214	219	225	231	239
X27x13	175	187	193	198	203	207	213	221	236	154	167	175	180	186	192	198	207	223	190	198	202	206	210	214	218	224	235
X27x14	147	172	179	184	189	193	198	205	215	126	139	147	154	161	168	175	184	196	175	184	190	194	198	202	206	211	219
X27x15	164	179	185	191	195	201	206	215	226	136	149	158	165	172	179	186	195	207	181	190	195	199	203	208	212	218	226
X27x16	174	186	193	199	204	209	215	222	232	151	164	172	178	184	190	196	203	212	189	197	202	206	210	214	218	224	232
X27x17	178	191	197	203	208	214	220	227	237	159	172	179	185	190	195	201	209	218	192	200	205	209	213	217	222	228	235
X27x18	120	168	182	190	196	202	208	216	229	124	153	166	173	179	185	190	197	209	168	189	197	202	206	210	215	220	229
X27x19	99	151	175	189	201	211	222	238	246	107	145	163	174	184	193	202	216	224	155	183	194	203	210	217	224	234	237
X27x20	50	73	102	134	163	181	192	203	219	63	84	110	135	157	169	178	186	200	121	139	159	180	193	202	208	215	226
X27x21	35	48	66	99	139.5	170	188	201	219	43	56	74	103	135	158	172	183	198	104	117	133	156	181	195	204	212	224
X27x22	166	182	192	200	209	218	228	239	247	153	165	173	180	188	195	205	213	220	184	194	201	207	213	220	227	233	237
X27x23	167	187	200	213	225	233	244	247	247	153	170	181	192	202	210	220	223	223	184.5	198	208	217	225	231	235	236	237
X27x24	201	222	233	239	244	247	248	249	249	183	201	211	216	221	224	225	226	227	207	221	228	232	235	237	238	239	239
X27x25	186	215	232	243	246	247	248	249	250	171	196	211	221	224	225	226	227	227	198	217	228	235	236	237	238	239	239
X27x26	199	220	233	243	247	249	250	250	250	182	201	213	223	226	227	228	228	228	206	221	229	235	238	239	240	240	240
X27x27	197	219	237	247	249	250	250	250	252	180	201	217	227	227	228	228	229	230	203	220	233	238	239	240	240	240	242
X27x28	193	216	233	245	249	250	250	252	252	178	199	215	226	228	228	230	230	231	202	219	231	237	240	240	241	242	242
X28x10	135	178	192	204	214	229	252	253	254	139	169	184	196	205	222	248	248	249	177	197	207	214	222	233	246	247	250
X28x11	177	190	198	204	208	213	219	227	238	157	174	185	192	197	202	208	217	230	192	202	208	212	216	220	224	230	238
X28x12	180	193	201	207	213	218	224	232	241	158	175	184	191	197	203	209	216	226	191	202	208	212	217	221	225	230	237
X28x13	185	196	205	211	218	224	231	239	247	161	175	186	194	201	209	217	224	232	195	204	210	215	220	224	229	234	239
X28x14	94	133	171	186	194	200	207	216	229	92	123	147	164	172	179	188	198	210	147	172	189	197	203	207	212	219	228
X28x15	125	172	189	197	203	210	217	223	232	126	152	167	175	183	190	197	203	212	173	191	199	205	209	214	218	223	229
X28x16	142	179	189	196	201	207	212	218	228	134	156	166	174	180	185	191	197	206	178	192	198	203	207	211	215	220	227
X28x17	160	186	195	201	207	212	218	225	235	144	162	172	179	186	191	197	204	213	185	196	202	206	211	215	219	224	231
X28x18	152	182	191	197	201	207	213	222	232	143	162	170	176	181	186	191	199	208	182	195	200	204	208	212	216	222	229
X28x19	51	76	109	145	174	192	204	212	222	65	89	116	143	164	178	186	193	200	124	144	166	186	199	207	213	218	225
X28x20	39	54	68	86	109	138	166	186	201	50	63	78	94	112	134	154	169	181	109	123	135	149	165	182	195	205	214
X28x21	33	43	55	71	94	120	145	168	191	43	54	66	81	99	119	137	154	170	103	114	125	138	153	170	185	197	209
X28x22	43	60	87	126	164	184	198	212	237	54	70	91	121	147	163	174	186	206	114	129	148	172	190	199	206	215	229
X28x23	178	192	200	207	215	224	234	246	251	157	169	177	183	189	196	203	214	220	190	199	205	210	215	221	227	234	237
X28x24	183	204	222	233	240	246	248	250	254	161	180	195	205	211	216	220	222	224	193	206	218	225	231	234	236	237	239
X28x25	189	213	227	236	247	248	250	254	255	170	190	203	212	221	223	224	224	225	198	214	223	230	235	237	237	239	239
X28x26	198	226	240	248	250	251	253	255	255	178	201	213	223	224	225	226	226	228	204	223	232	236	238	239	240	240	241
X29x10	169	183	190	198	206	215	233	250	253	158	172	180	189	198	208	226	246	249	191	201	206	212	218	225	236	247	250
X29x11	131	167	183	192	200	208	217	230	246	137	161	172	182	191	199	208	221	237	178	195	202	207	213	219	225	234	244
X29x12	121	168	182	190	196	203	210	221	237	124	150	164	174	183	190	197	208	225	171	190	198	204	209	213	219	226	238
X29x13	123	171	188	196	203	210	218	228	243	126	158	172	181	188	196	203	215	230	172	195	203	208	212	217	223	231	241
X29x14	175	190	198	204	209	215	220	227	237	152	169	179	186	192	198	205	212	221	192	201	207	211	215	220	224	229	236
X29x15	126	170	188	196	201	206	212	218	226	126	154	168	176	182	188	194	200	209	172	193	201	206	210	214	218	222	229
X29x16	38	55	75	101	131	158	176	192	202	51	67	84	105	127	147	161	175	184	111	127	142	159	177	190	198	206	213
X29x17	144	178	187	193	197	202	207	215	247	138	157	166	172	177	182	187	195	223	181	194	200	203	207	210	215	222	238
X29x18	53	99	151	181	192	200	208	218	231	66	108	145	164	175	182	189	197	208	123	159	186	199	205	210	215	221	229
X29x19	31	39	48	60	78	107	145	176	198	42	50	59	71	87	110	140	162	179	100	111	120	131	145	164	186	201	213
X29x20	38	53	71	96	125	153	175	192	208	49	65	83	103	125	144	160	173	185	108	123	139	156	175	190	200	208	217
X29x21	33	46	60	77	98	123	149	171	190	44	56	70	84	100	119	137	153	168	102	116	129	142	156	172	186	197	207
X29x22	33	45	57	71	89	112	137	159	177	44	55	65	77	92	108	126	141	155	101	114	125	136	149	164	179	189	200
X29x23	145	168	179	192	201	211	225	244	249	130	144	156	166	174	183	193	209	213	174	185	194	201	207	214	222	233	236
X29x24	153	170	184	199	215	232	246	249	251	134	148	162	175	188	201	213	216	218	174	187	197	206	217	226	233	236	238
X30x11	178	186	192	198	203	209	217	227	243	163	175	183	189	195	202	210	220	236	193	200	205	210	214	219	224	232	242
X30x12	180	189	196	202	209	216	224	233	245	160	173	182	190	198	206	214	223	234	193	201	206	211	217	222	228	235	243
X30x13	184	193	199	204	209	214	220	229	240	166	178	184	190	196	201	208	217	228	196	203	208	212	216	220	225	231	239
X30x14	160	181	189	195	201	207	214	224	236	144	161	170	177	185	192	200	209	221.5	184	194	200	205	209	214	220	226	235
X30x15	161	179	186	191	195	199	204	211	221	144	157	164	170	175	181	186	193	204	184	192	197	201	204	207	211	216	224
X30x16	149	167	175	183	189	195	202	209	218	124	138	147	157	167	175	183	190	199	172	182	188	194	199	204	209	214	222
X30x17	158	179	187	192	196	200	204	208	217	141	158	165	171	175	179	183	187	195	182	192	197	200	204	207	210	214	221
X30x18	35	45	57	73	97	125	152	176	194	46	56	67	82	102	125	144	162	176	104	116	127	140	156	173	188	199	208
X30x19	31	43	58	77	101	129	158	180	201	43	56	70	86	105	128	149	165	180	100	115	129	143	159	176	191	201	212
X30x20	32	44	58	76	99	126	152	175	193	42	55	69	85	102	122	142	159	172	99	114	126	140	156	173	188	199	209
X30x21	34	46	58	74	93	116	142	164	181	45	57	68	81	96	113	132	148	161	102	115	126	138	152	166	181	193	202
X30x23	146	159	171	184	207	240	246	248	249	124	138	148	160	178	206	211	214	215	168	179	187	197	211	229	231	232	234
X31x10	170	181	192	205	221	250	253	254	254	156	169	182	197	214	243	248	248	249	187	196	205	214	225	244	247	250	250
X31x11	168	178	184	189	194	200	206	214	224	142	155	163	170	177	183	191	200	212	183	190	195	200	204	208	213	219	227
X31x12	168	176	182	189	195	202	212	226	246	133	145	156	165	174	183	193	208	229	179	186	192	197	202	208	215	226	238
X31x13	162	174	181	187	192	198	205	214	226	128	141	151	160	168	175	184	196	209	174	184	190	195	200	204	210	217	226
X31x14	153	169	177	184	189	195	202	212	233	121	136	146	155	162	169	178	190	211	169	180	187	192	196	201	207	214	229
X31x15	117	150	164	173	182	190	197	211	251	107	125	138	147	156	164	173	189	230	157	171	180	187	193	198	204	214	242
X31x16	76	115	141	155	166	176	190	249	252	81	108	123	133	141	151	166	228	231	134	158	170	177	184	190	200	239	243
X31x17	53	85	120	148	196	249	252	253	254	56	80	109	133	177	220	224	229	231	116	140	163	183	213	235	239	242	243
X32x11	151	162	170	179	189	205	228	248	250	125	138	149	161	176	196	222	244	246	170	180	187	195	203	216	235	246	248
X32x12	142	156	168	179	190	206	243	248	250	114	128	140	155	169	188	231	238	242	164	174	184	193	202	214	240	245	248
X3x25	68	97	126	160	241	249	251	251	251	75	100	125	155	228	241	245	247	247	132	152	171	192	239	245	247	248	248
X3x26	54	77	104	133	164	208	249	251	251	65	84	107	132	154	199	238	243	245	125	142	160	177	193	224	244	247	247
X3x27	59	79	100	120	138	156	174	201	248	71	89	106	121	136	150	165	192	236	128	145	159	170	181	191	202	222	245
X3x28	51	68	84	101	118	135	152	170	212	62	77	91	106	120	133	145	161	204	122	136	148	159	170	179	188	200	232
X3x29	49	67	86	106	124	142	158	173	193	60	77	93	108	122	134	146	159	178	121	136	149	161	171	180	188	197	211
X3x30	71	106	131	146	157	167	185	233	251	80	104	116	129	141	155	171	212	235	133	155	166	174	182	192	204	229	245
X3x31	33	54	78	103	124	142	158	174	193	49	68	88	107	123	136	149	163	182	100	120	138	155	167	177	187	198	213
X3x32	49	82	110	133	154	172	190	217	250	64	91	113	130	146	162	179	205	232	114	140	159	172	184	196	209	229	243
X4x20	49	74	107	156	236	248	253	255	255	58	79	107	149	216	226	236	239	242	118	138	162	193	234	241	244	246	247
X4x21	35	45	55	67	82	102	128	241	254	43	52	61	71	83	99	121	219	233	104	115	124	134	146	161	179	239	243
X4x22	42	62	86	112	135	150	161	172	192	55	72	92	113	130	141	149	158	175	109	127	144	162	175	184	191	199	214
X4x23	43	61	80	98	114	131	145	157	172	54	70	85	98	110	121	132	142	156	109	127	141	152	163	171	179	187	197
X4x24	50	65	81	98	114	130	146	159	179	58	72	85	97	110	121	131	143	161	120	133	145	156	166	173	181	189	203
X4x25	56	82	104	124	141	153	160	169	181	63	84	102	115	124	132	140	149	161	123	143	158	168	174	180	186	193	203
X4x26	59	85	105	123	138	151	160	170	184	66	86	101	112	121	129	137	147	163	127	146	158	167	174	179	185	193	203
X4x27	47	63	78	94	109	124	138	152	167	57	70	81	93	104	114	123	134	147	119	132	142	152	161	169	176	184	193
X4x28	50	65	80	96	112	129	144	158	172	59	72	83	95	107	118	129	140	153	122	134	145	155	164	173	180	189	198
X4x29	65	88	107	125	142	157	168	182	197	72	90	105	116	126	136	147	159	172	132	148	160	170	177	184	191	199	207
X4x30	102	146	166	175	180	186	192	199	209	102	127	139	147	154	160	166	173	182	154	175	184	189	194	199	203	208	216
X4x31	61	90	115	136	151	161	168	176	186	70	92	110	120	129	137	145	153	164	126	147	162	171	177	183	188	195	203
X4x32	101	143	164	176	185	193	201	212	234	104	131	147	157	165	172	179	189	207	153.5	175	186	194	199	205	210	218	232
X5x14	149	166	174	186	207	247	249	250	252	131	144	151	163	185	225	227	228	230	173	183	189	197	214	238	240	241	242
X5x16	153	165	174	183	191	201	218	249	250	122	138	149	159	168	177	193	226	228	169	180	187	193	199	207	220	239	240
X5x17	125	152	167	175	183	191	204	224	246	111	124	134	145	155	166	180	198	219	159	173	180	187	193	200	210	225	238
X5x18	52	84	117	145	162	172	182	194	220	64	91	115	133	145	155	164	174	196	121	145	165	179	187	194	200	208	222
X5x19	57	86	115	140	156	164	170	176	186	68	92	115	130	139	147	154	161	169	128	149	167	177	184	189	194	199	205
X5x20	43	56	70	85	102	119	137	155	168	55	67	79	91	105	119	133	147	157	115	128	139	150	162	173	183	191	200
X5x21	41	53	64	76	90	107	123	140	164	52	62	72	82	93	106	119	133	153	114	124	133	143	154	165	175	186	198
X5x22	57	87	112	133	147	157	165	173	182	68	91	110	124	134	142	149	155	162	124	146	162	174	181	187	192	197	203
X5x23	39	57	73	91	110	130	149	161	174	52	67	80	93	107	119	129	139	152	111	126	139	151	163	172	180	188	196
X5x24	60	90	118	140	155	163	170	176	185	69	92	112	123	131	139	146	153	161	131	151	166	175	180	186	191	196	202
X5x25	48	68	87	107	125	141	155	165	175	56	73	88	102	116	127	135	143	151	116	134	148	160	170	178	183	189	195
X5x26	56	81	107	128	145	156	164	171	180	65	84	102	114	124	131	138	145	153	127	146	160	169	176	181	185	190	196
X5x27	46	61	76	94	113	130	144	156	167	55	67	79	93	106	117	127	135	145	119	132	143	154	164	172	178	184	193
X5x28	65	91	112	131	143	152	160	169	182	71	90	104	114	121	128	135	143	155	132	149	160	168	173	178	183	190	199
X5x29	89	123	146	160	167	174	180	188	199	88	109	121	129	137	144	151	160	170	146	164	173	178	184	189	194	200	207
X5x30	113	154	168	176	183	189	197	205	216	105	125	138	147	155	162	169	176	185	158	175	184	190	195	200	205	211	218
X5x31	47	73	100	127	147	158	169	185	207	58	79	99	114	125	135	147	160	179	115	135	153	167	175	182	190	200	213
X5x32	139	159	168	176	185	195	204	214	225	119	133	142	151	160	169	176	184	194	166	177	184	191	196.5	202	208	215	223
X6x10	26	34	45	57	73	96	126	163	236	39	48	58	70	85	104	130	159	218	95	107	117	128	141	157	176	195	229
X6x11	143	164	171	177	183	189	196	209	225	122	136	145	153	160	167	176	190	206	170	180	186	191	195	200	205	214	225
X6x12	168	183	191	199	207	214	222	230	240	152	164	174	182	189	196	203	210	218	187	195	202	207	213	218	223	228	234
X6x13	141	176	188	196	203	212	222	233	242	131	155	168	176	184	192	202	211	219	175	191	198	204	209	215	222	229	234
X6x14	113	166	180	187	193	200	207	219	234	111	145	159	167	173	180	187	198	211	162	185	193	198	202	207	213	220	229
X6x15	170	183	191	197	205	212	220	228	237	144	160	169	176	183	189	197	205	213	184	193	199	204	209	214	220	225	231
X6x16	158	170	176	182	188	195	203	212	223	114	130	140	148	157	166	174	183	195	167	177	184	190	195	200	206	213	222
X6x17	147	164	173	180	185	190	196	203	213	110	123	135	145	152	159	167	175	185	165	174	182	188	192	196	201	207	214
X6x18	123	160	171	179	185	192	199	209	224	108	124	136	146	155	164	172	182	196	164	176	184	190	195	201	206	212	222
X6x19	52	80	107	133	153	165	176	186	198	65	85	105	119	132	142	152	162	172	123	142	158	171	179	186	193	199	206
X6x20	64	96	125	147	159	167	176	187	200	75	100	119	131	140	148	158	169	180	131	153	169	177	183	190	197	204	212
X6x21	55	78	100	121	140	153	163	172	181	65	83	100	114	125	133	141	149	159	122	139	154	166	175	181	187	192	200
X6x22	42	63	85	109	132	151	166	177	187	55	73	91	109	125	137	146	154	163	113	131	147	163	176	184	189	195	203
X6x23	48	72	96	120	142	157	168	177	187	62	81	99	115	128	138	146	153	163	121	139	154	167	177	184	190	196	203
X6x24	79	119	145	156	164	170	176	183	191	82	106	118	129	138	146	152	159	167	138	160	170	177	182	188	193	197	204
X6x25	63	101	130	148	159	166	172	179	188	71	100	120	131	138	144	150	157	166	126	152	169	177	182	187	192	197	203
X6x26	60	96	124	142	152	162	171	181	195	68	94	110	122	131	141	151	161	172	124	149	162	170	177	185	192	199	206
X6x27	61	94	121	139	151	160	169	177	189	67	92	108	119	128	135	142	151	163	128	149	162	170	176	181	187	193	201
X6x28	90	126	146	156	164	171	180	189	207	88	106	116	125	132	141	150	162	177	146	161	169	175	181	186	192	200	211
X6x29	52	74	96	116	134	149	159	167	178	58	74	88	99	108	116	124	133	147	117	134	147	157	165	171	176	183	193
X6x30	41	57	73	91	110	130	149	167	189	49	62	74	87	101	113	126	140	162	110	124	136	148	159	169	179	189	203
X6x31	63	97	127	148	158	165	172	182	196	67	90	107	115	122	129	138	151	166	126	147	162	169	174	179	185	194	205
X6x32	109	146	159	167	176	187	201	218	239	96	113	125	135	146	158	170	184	200	152	166	174	181	188	196	204	215	226
X6x33	123	145	158	177	230	248	249	251	252	99	112	129	152	195	209	211	212	213	150	163	174	191	222	229	231	232	235
X7x10	52	108	162	176	190	209	230	249	253	65	112	135	152	172	191	211	228	232	119	160	179	191	204	217	231	240	244
X7x11	173	184	192	200	208	216	228	242	252	149	161	170	179	189	197	208	221	229	185	193	199	206	212	219	227	236	242
X7x12	175	190	199	205	210	215	221	228	238	151	169	178	184	190	194	200	207	217	188	199	206	210	214	217	221	227	233
X7x13	161	178	186	192	197	203	210	223	241	127	143	154	163	171	178	185	198	215	175	186	193	198	203	208	213	222	232
X7x14	165	180	188	194	200	208	218	240	254	136	151	161	169	176	184	194	214	224	179	189	196	201	206	211	219	232	239
X7x15	163	174	182	189	196	203	211	223	237	123	137	148	158	167	176	184	194	206	174	182	189	195	201	206	212	220	229
X7x16	155	169	176	182	188	193	199	206	218	116	128	137	146	153	159	166	174	187	169	177	183	188	193	197	202	208	216
X7x17	148	170	178	184	189	196	203	211	221	115	129	138	146	153	160	168	176	187	169	179	185	190	195	200	205	210	217
X7x18	149	167	173	178	183	189	196	205	221	111	123	132	138	145	154	163	173	188	166	175	180	185	190	195	200	207	217
X7x19	62	94	123	145	159	167	173	179	188	66	86	99	109	117	124	131	140	152	127	146	158	166	173	178	183	189	197
X7x20	50	75	99	123	145	160	170	181	197	59	77	94	108	119	129	141	155	170	117	135	151	164	173	180	188	197	207
X7x21	68	95	119	138	152	161	170	178	189	71	91	105	116	124	132	141	150	160	129	148	161	170	177	182	188	194	202
X7x22	80	113	136	153	165	173	181	190	201	83	105	118	130	139	147	155	163	172	141	159	171	179	185	191	196	202	210
X7x23	40	59	79	100	121	141	156	166	177	54	69	85	101	117	131	140	148	157	113	128	142	157	170	180	186	192	199
X7x24	37	52	68	87	108	128	146	160	173	49	61	74	88	105	121	135	146	157	108	122	135	149	163	175	184	192	201
X7x25	28	40	53	68	86	108	133	157	178	40	51	62	74	88	106	126	144	160	97	111	124	135	148	164	179	191	204
X7x26	37	51	64	77	94	112	131	152	171	47	58	69	80	92	106	121	135	150	108	122	132	143	154	165	176	185	195
X7x27	50	73	98	121	138	149	159	166	175.5	59	76	94	108	118	127	135	143	152	120	137	152	163	170	176	182	188	194
X7x28	63	89	113	132	146	156	164	171	181	70	89	104	115	123	130	137	143	151	128	146	159	168	174	180	184	190	197
X7x29	42	58	75	94	114	135	152	165	176	52	66	78	92	106	118	128	138	147	111	126	139	151	163	172	179	186	194
X7x30	45	63	80	97	115	132	147	161	173	53	67	80	93	106	117	128	138	148	116	130	143	154	163	172	180	187	196
X7x31	40	54	68	81	97	114	131	149	165	49	61	72	82	94	106	117	129	141	108	122	133	144	154	164	173	181	190
X7x32	42	64	87	112	138	158	171	183	195	49	68	85	102	116	127	137	148	159	108	128	144	159	170	178	186	193	202
X7x33	89	138	159	171	184	202	237	252	254	86	116	127	137	149	166	196	207	211	140	165	176	185	194	205	225	231	232
X8x10	132	165	173	179	187	198	213	230	247	122	141	152	161	170	183	196	212	229	170	182	190	196	202	210	219	231	242
X8x11	177	187	197	207	216	226	236	244	250	160	171	181	191	199	209	218	226	232	191	199	206	213	220	227	233	239	243
X8x12	177	187	198	205	212	219	228	238	247	156	169	179	186	194	201	209	219	227	191	199	206	211	216	222	228	235	240
X8x13	174	183	192	200	209	219	229	238	247	146	160	171	180	189	198	206	215	225	185.5	194	201	208	214	221	227	234	239
X8x14	172	187	196	204	211	220	230	236	241	142	165	175	183	190	197	206	212	218	183	196	203	209	214	220	227	231	236
X8x15	161	174	184	192	199	206	212	221	232	130	145	157	168	175	181	188	196	206	177	187	194	200	205	210	215	221	229
X8x16	156	169	175	180	185	190	197	205	217	117	129	138	146	153	160	168	177	189	171	179	184	189	193	198	203	209	217
X8x17	129	156	163	167	171	176	183	193	206	100	111	119	125	132	140	149	160	173	158	168	173	178	182	187	193	200	209
X8x18	124	156	167	172	176	181	186	193	201	105	118	126	132	138	144	150	157	167	160	171	177	181	185	189	194	198	205
X8x19	149	162	168	172	176	181	185	193	204	107	115	122	128	134	140	147	157	171	164	171	176	180	184	188	193	199	207
X8x20	117	140	152	159	165	172	179	186	198	94	105	111	119	126	134	142	151	164	152	162	167	173	178	183	189	195	204
X8x21	61	87	111	129	145	156	165	175	191	67	87	103	115	125	133	141	149	164	129	146	160	169	176	182	187	194	203
X8x22	50	68	86	105	123	137	150	160	172	59	74	88	101	113	121	130	139	149	123	137	149	160	168	175	181	187	195
X8x23	39	54	70	88	107	126	144	159	170	51	63	76	91	105	120	133	143	152	111	125	137	150	163	175	184	191	198
X8x24	35	47	59	73	89	107	123	140	163	42	53	62	72	83	95	108	122	141	105	117	128	138	149	160	171	182	198
X8x25	42	57	73	91	106	119	133	149	184	45	56	65	74	85	96	110	126	157	109	122	132	141	150	160	170	183	203
X8x26	38	51	64	79	99	123	146	166	191	47	57	68	80	95	112	130	145	164	112	124	134	145	157	171	183	194	207
X8x27	47	62	78	95	114	131	145	158	171	56	69	81	94	107	120	129	138	148	119	132	143	154	165	174	181	188	198
X8x28	58	82	104	126	142	153	162	170	179	66	84	101	116	124	133	140	146	153	128	144	158	169	175	181	186	191	197
X8x29	44	65	87	109	129	146	159	168	176	56	74	90	106	120	130	137	143	151	115	132	147	161	172	180	185	190	196
X8x30	50	64	77	91	107	123	139	155	172	58	69	79	90	102	113	125	137	150	124	135	144	154	163	172	181	189	199
X8x31	45	62	78	94	111	126	141	153	166	53	67	79	91	102	113	124	133	144	116	130	142	152	162	170	177	183	192
X8x32	42	55	67	80	95	112	130	148	166	50	61	71	82	93	106	120	132	145	112	124	133	143	154	164	174	183	193
X8x33	73	104	131	146	157	165	175	187	211	72	93	108	117	126	134	143	153	173	130	150	162	169	177	183	189	197	212
X9x10	174	181	187	193	199	207	216	230	247	148	160	168	176	183	191	201	214	231	186	193	198	203	208	213	221	231	241
X9x11	178	188	196	203	211	218	231	244	251	153	168	179	187	194	201	213	225	230	189	198	205	210	215	221	229	237	242
X9x12	177	189	198	209	217	225	233	238	244	156	171	182	192	200	207	215	219	225	190	200	207	213	219	225	229	232	237
X9x13	171	179	185	192	199	206	214	225	245	141	155	164	172	180	187	194	205	223	184	191	197	201	206	211	217	226	236
X9x14	162	176	183	191	200	210	221	233	243	137	149	160	169	178	188	198	210	219	180	189	195	201	207	214	221	229	235
X9x15	156	166	170	174	177	182	193	210	237	116	123	129	135	142	151	167	185	212	170	175	180	184	187	193	201	212	230
X9x16	38	58	81	107	133	153	164	172	181	51	68	86	106	120	129	138	146	156	109	127	143	159	172	179	184	190	198
X9x17	29	41	53	68	85	104	126	148	169	42	53	64	75	89	105	121	139	154	101	114	125	136	148	161	174	186	197
X9x18	44	61	76	94	113	133	152	165	176	54	68	82	95	110	123	134	145	156	115	129	141	153	166	176	183	191	200
X9x19	53	88	120	142	157	166	174	181	189	62	87	104	116	125	132	139	146	156	121	144	160	170	176	182	187	192	198
X9x20	105	141	159	167	173	179	185	193	203	93	112	122	130	137	144	151	159	170	149	166	174	179	184	189	194	199	206
X9x21	82	115	140	154	162	168	175	184	196	80	101	112	120	126	133	141	150	162	139	157	167	173	178	182	188	194	202
X9x22	46	63	80	98	117	135	149	161	173	57	70	83	96	110	121	130	138	148	119	133	145	156	167	175	181	187	195
X9x23	42	59	78	98	117	133	147	158	169	53	67	82	97	111	122	131	140	148	113	127	141	155	167	175	182	188	196
X9x24	39	52	66	83	100	119	137	157	188	46	58	69	81	95	109	123	138	162	110	122	134	146	158	170	181	193	209
X9x25	38	52	67	85	108	130	150	172	200	46	57	68	82	97	114	129	147	169	113	125	136	147	160	172	183	194	207
X9x26	36	51	65	80	94	108	126	149	185	40	51	60	69	79	91	107	127	156	106	118	128	136	145	155	167	181	197
X9x27	30	43	57	75	96	119	139	156	170	40	51	62	76	92	109	124	135	146	98	111	123	136	151	166	177	185	196
X9x28	47	69	90	111	130	146	158	168	178	56	73	90	105	119	130	139	145	153	117	133	148	161	172	179	185	191	198
X9x29	43	63	85	110	132	147	158	167	176	53	70	87	106	121	131	137	144	152	113	130	145	161	172	179	184	189	196
X9x30	52	71	91	111	130	145	157	166	176	62	77	91	105	116	125	135	143	152	124	138	150	162	170	177	183	188	196
X9x31	36	55	73	92	113	133	151	166	179	47	63	77	92	107	121	132	143	153	108	124	139	152	164	174	182	189	197
X9x32	44	67	92	116	137	152	162	172	190	52	71	89	106	118	127	136	145	159	113	132	148	162	171	178	184	191	201
X9x33	54	77	99	117	131	143	154	162	178	59	76	89	100	109	117	125	134	149	122	137	148	157	164	170	176	183	195
